[
    {
        "name": "Pretty Kitty",
        "imageUrl": "https://cdn.pixabay.com/photo/2017/02/20/18/03/cat-2083492_1280.jpg",
        "price": 350,
        "breed": "Bombay Cat",
        "description": "Dominant and aggressive to other cats. Will probably eat you in your sleep. Very cute tho."
    },
    {
        "name": "Pesho",
        "imageUrl": "https://cdn.pixabay.com/photo/2017/02/20/18/03/cat-2083492_1280.jpg",
        "price": 350,
        "breed": "Bombay Cat",
        "description": "Dominant and aggressive to other cats. Will probably eat you in your sleep. Very cute tho."
    },
    {
        "name": "Gosho",
        "imageUrl": "https://cdn.pixabay.com/photo/2017/02/20/18/03/cat-2083492_1280.jpg",
        "price": 350,
        "breed": "Bombay Cat",
        "description": "Dominant and aggressive to other cats. Will probably eat you in your sleep. Very cute tho."
    },
    {
        "name": "Marta",
        "imageUrl": "https://cdn.pixabay.com/photo/2017/02/20/18/03/cat-2083492_1280.jpg",
        "price": 350,
        "breed": "Bombay Cat",
        "description": "Dominant and aggressive to other cats. Will probably eat you in your sleep. Very cute tho."
    },
    {
        "name": "Mariya",
        "imageUrl": "https://cdn.pixabay.com/photo/2017/02/20/18/03/cat-2083492_1280.jpg",
        "price": 350,
        "breed": "Bombay Cat",
        "description": "Dominant and aggressive to other cats. Will probably eat you in your sleep. Very cute tho."
    }
]